SET TIMEZONE TO 'America/Sao_Paulo';

CREATE TABLE db_user_users (
    id               integer PRIMARY KEY GENERATED BY DEFAULT AS IDENTITY,
    username         varchar(40) NOT NULL,
    email            varchar(40) NOT NULL,
    -- Some DB not support boolean data type, like old oracle :(
    email_verified   varchar(1)   NOT NULL DEFAULT 'Y',
    first_name       varchar(40) NOT NULL,
    last_name        varchar(40) NOT NULL,
    enabled          boolean     NOT NULL DEFAULT true,
    temp_password    varchar(40),
    required_actions varchar(80),
    updated          timestamp   NOT NULL DEFAULT NOW(),
    -- Custom attributes
    ability          varchar(40)
);

INSERT INTO db_user_users (username, email, email_verified, first_name, last_name, temp_password, required_actions)
    VALUES ('bobby', 'bobby@barbarian.com', 'y', 'Bobby', 'Barbarian', 'ThunderClub', 'VERIFY_EMAIL, UPDATE_PROFILE,UPDATE_PASSWORD , TERMS_AND_CONDITIONS ');

INSERT INTO db_user_users (username, email, email_verified, first_name, last_name, temp_password, required_actions)
    VALUES ('eric', 'eric@fighter.com', 'y', 'Eric', 'Fighter', 'GriffonShield', 'VERIFY_EMAIL');

INSERT INTO db_user_users (username, email, email_verified, first_name, last_name, temp_password, required_actions)
    VALUES ('diana', 'diana@monk.com', 'y', 'Diana', 'Monk', 'JavelinStaff', 'UPDATE_PROFILE');

INSERT INTO db_user_users (username, email, email_verified, first_name, last_name, temp_password, required_actions)
    VALUES ('hank', 'hank@ranger.com', 'y', 'Hank', 'Ranger', 'EnergyBow', 'UPDATE_PASSWORD');

INSERT INTO db_user_users (username, email, email_verified, first_name, last_name, temp_password, required_actions)
    VALUES ('presto', 'presto@wizard.com', 'y', 'Presto', 'Wizard', 'HatofManySpells', 'VERIFY_PROFILE');

INSERT INTO db_user_users (username, email, email_verified, first_name, last_name, temp_password)
    VALUES ('sheila', 'sheila@thief.com', 'y', 'Sheila', 'Rogue', 'CloakofInvisibility');

INSERT INTO db_user_users (username, email, email_verified, first_name, last_name, enabled, ability)
    VALUES ('uni', 'uni@unicorn.com', 'n', 'Uni', 'Unicorn', false, 'teleport');

INSERT INTO db_user_users (username, email, email_verified, first_name, last_name, enabled)
    VALUES ('master', 'dungeon@master.com', 'y', 'Dungeon', 'Master', true);

-- Invalid users

INSERT INTO db_user_users (username, email, first_name, last_name)
    VALUES ('', 'invalid@error.com', 'Invalid', 'Erro');

INSERT INTO db_user_users (username, email, first_name, last_name)
    VALUES ('invalid_email', 'invalid', 'Invalid', 'Erro');

INSERT INTO db_user_users(username, email, first_name, last_name)
    VALUES ('invalid_first_name', 'invalid@error.com', '', 'Invalid first name');

INSERT INTO db_user_users(username, email, first_name, last_name)
    VALUES ('invalid_last_name', 'invalid@error.com', 'Invalid', '');

INSERT INTO db_user_users(username, email, first_name, last_name, required_actions)
    VALUES ('invalid_action', 'invalid@error.com', 'Invalid', 'Erro', 'INVALID_ACTION');

-- Roles

CREATE TABLE db_user_roles (
    username  varchar(40) NOT NULL,
    name      varchar(40) NOT NULL
);

INSERT INTO db_user_roles (username, name) 
    VALUES ('hank', 'leader');

insert into db_user_roles (username, name)
    VALUES ('master', 'role1');
insert into db_user_roles (username, name)
    VALUES ('master', 'role2');
insert into db_user_roles (username, name)
    VALUES ('master', 'role3');


-- Groups 

CREATE TABLE db_group_groups (
    gid              integer PRIMARY KEY GENERATED BY DEFAULT AS IDENTITY,
    name         	 varchar(255) NOT NULL,
    gid_parent       integer,
	attr1 varchar(255),
	attr2 varchar(255),
	attr3 varchar(255)
);

CREATE TABLE db_user_groups (
    username  varchar(40) NOT NULL,
    gid       integer NOT NULL
);

insert into db_group_groups (gid, gid_parent, name, attr1, attr2, attr3) values (1,     null, 'first group',  'first group attr 1', 'first group attr 2', 'first group attr 3');
insert into db_group_groups (gid, gid_parent, name, attr1, attr2, attr3) values (2,     null, 'second group', 'second group attr 1', 'second group attr 2', 'second group attr 3');
insert into db_group_groups (gid, gid_parent, name, attr1, attr2, attr3) values (3,     null, 'third group',  'third group attr 1', 'third group attr 2', 'third group attr 3');

insert into db_group_groups (gid, gid_parent, name, attr1, attr2, attr3) values (21,       2, 'second group 1', 'sg 1 attr1', 'sg 1 attr2',  null);
insert into db_group_groups (gid, gid_parent, name, attr1, attr2, attr3) values (22,       2, 'second group 2',  null,        'sg 2 attr2', 'sg 2 attr3');
insert into db_group_groups (gid, gid_parent, name, attr1, attr2, attr3) values (23,       2, 'second group 3', 'sg 3 attr1',  null,        'sg 3 attr3');
insert into db_group_groups (gid, gid_parent, name, attr1, attr2, attr3) values (24,       2, 'second group 4',  null,         null,         null);

insert into db_group_groups (gid, gid_parent, name, attr1, attr2, attr3) values (31,       3,'third group 1'      , 'tg attr1 1'      , 'tg attr2 1'      , 'tg attr3 1');
insert into db_group_groups (gid, gid_parent, name, attr1, attr2, attr3) values (32,       3,'third group 2 '     , 'tg attr1 2 '     , 'tg attr2 2 '     , 'tg attr3 2 ');
insert into db_group_groups (gid, gid_parent, name, attr1, attr2, attr3) values (321,     32,'third group 2-1'    , 'tg attr1 2-1'    , 'tg attr2 2-1'    , 'tg attr3 2-1');
insert into db_group_groups (gid, gid_parent, name, attr1, attr2, attr3) values (322,     32,'third group 2-2'    , 'tg attr1 2-2'    , 'tg attr2 2-2'    , 'tg attr3 2-2');
insert into db_group_groups (gid, gid_parent, name, attr1, attr2, attr3) values (323,     32,'third group 2-3'    , 'tg attr1 2-3'    , 'tg attr2 2-3'    , 'tg attr3 2-3');
insert into db_group_groups (gid, gid_parent, name, attr1, attr2, attr3) values (33,       3,'third group 3'      , 'tg attr1 3'      , 'tg attr2 3'      , 'tg attr3 3');
insert into db_group_groups (gid, gid_parent, name, attr1, attr2, attr3) values (331,     33,'third group 3-1'    , 'tg attr1 3-1'    , 'tg attr2 3-1'    , 'tg attr3 3-1');
insert into db_group_groups (gid, gid_parent, name, attr1, attr2, attr3) values (3311,   331,'third group 3-1-1'  , 'tg attr1 3-1-1'  , 'tg attr2 3-1-1'  , 'tg attr3 3-1-1');
insert into db_group_groups (gid, gid_parent, name, attr1, attr2, attr3) values (33111, 3311,'third group 3-1-1-1', 'tg attr1 3-1-1-1', 'tg attr2 3-1-1-1', 'tg attr3 3-1-1-1');

insert into db_user_groups (username, gid) VALUES ('hank', 1);
insert into db_user_groups (username, gid) VALUES ('hank', 21);
insert into db_user_groups (username, gid) VALUES ('sheila', 331);
insert into db_user_groups (username, gid) VALUES ('sheila', 3311);
insert into db_user_groups (username, gid) VALUES ('sheila', 33111);
insert into db_user_groups (username, gid) VALUES ('uni', 2);
insert into db_user_groups (username, gid) VALUES ('uni', 3);
insert into db_user_groups (username, gid) VALUES ('master', 21);
insert into db_user_groups (username, gid) VALUES ('master', 31);
